<?xml version="1.0" encoding="UTF-8"?>
<beans xmlns="http://www.springframework.org/schema/beans"
	xmlns:xsi="http://www.w3.org/2001/XMLSchema-instance"
	xsi:schemaLocation="http://www.springframework.org/schema/beans https://www.springframework.org/schema/beans/spring-beans.xsd">
	
	<!-- c3p0 : connection pool 설정 -->
	<bean name="dataSource" class="com.mchange.v2.c3p0.ComboPooledDataSource">
		<property name="driverClass" value="oracle.jdbc.driver.OracleDriver" />
		<!-- <property name="jdbcUrl" value="jdbc:oracle:thin:@localhost:1521:xe" /> -->
		<property name="jdbcUrl" value="jdbc:oracle:thin:@59.16.32.131:1521:xe" />
		<property name="user" value="web" />
		<property name="password" value="1234" />
		<property name="initialPoolSize" value="10" />	
	</bean>
	
	<!-- SqlSessionFactoryBean 클래스 설정 -->
	<bean name="sqlSessionFactory" class="org.mybatis.spring.SqlSessionFactoryBean">
		<property name="dataSource" ref="dataSource" />
		<property name="mapperLocations" value="classpath:/mapper/*.xml" />
	</bean>
	
	<!-- SqlSessionTemplate 클래스 설정 : 생성자를 통해서 주입 -->
	<bean name="sqlSessionTemplate" class="org.mybatis.spring.SqlSessionTemplate">
		<constructor-arg ref="sqlSessionFactory" />
	</bean>
	
	<!-- multipartResolver : TalkController -->
	<bean id="multipartResolver" class="org.springframework.web.multipart.commons.CommonsMultipartResolver">
	    <property name="maxUploadSize" value="268435456"/>
	</bean>
	
</beans>
