<?xml version="1.0" encoding="UTF-8"?>

<!DOCTYPE mapper
  PUBLIC "-//mybatis.org//DTD Mapper 3.0//EN"
  "http://mybatis.org/dtd/mybatis-3-mapper.dtd">

 
<mapper namespace="com.bombom.model.InfoDAO">

	<!-- 홈에 노출될 게시글 목록 조회 -->
	<select id="mainInfo" resultType="com.bombom.model.InfoDTO">
		<![CDATA[
			select * from 
				(select b.*, row_number() over(order by info_year desc) rnum from bombom_movie_info b) 
				where rnum between 1 and 5
		]]>
	</select>
	
	<select id="countInfo" resultType="int">
		select count(*) from bombom_movie_info	
	</select>
	
	<select id="listInfo" parameterType="com.bombom.model.InfoPageDTO" 
			resultType="com.bombom.model.InfoDTO">
		<![CDATA[
			select * from 
				(select i.*, row_number() 
					over(order by info_year desc) rnum from bombom_movie_info i)
					where rnum >= #{startNo} and rnum <= #{endNo}
		]]> 
	</select>
	
	<select id="listInfoReviews" parameterType="com.bombom.model.InfoPageDTO" 
			resultType="com.bombom.model.InfoDTO">
		<![CDATA[
			select * from 
				(select i.*, row_number() 
					over(order by info_reviews desc, info_year desc) rnum from bombom_movie_info i)
					where rnum >= #{startNo} and rnum <= #{endNo}
		]]> 
	</select>
	
	<select id="listInfoTime" parameterType="com.bombom.model.InfoPageDTO" 
			resultType="com.bombom.model.InfoDTO">
		<![CDATA[
			select * from 
				(select i.*, row_number() 
					over(order by info_runtime desc, info_year desc) rnum from bombom_movie_info i)
					where rnum >= #{startNo} and rnum <= #{endNo}
		]]> 
	</select>
	
	<select id="searchInfoCount" parameterType="String" resultType="int">
		select count(*) from bombom_movie_info 
			where info_title like '%' || #{keyword} || '%'
	</select>
	
	<select id="searchInfoList" resultType="com.bombom.model.InfoDTO">
		<![CDATA[
			select * from
				(select i.*, row_number() 
			   		over(order by info_year desc) rnum from bombom_movie_info i where i.info_title like '%' || #{keyword} || '%')
			   		where rnum >= #{startNo} and rnum <= #{endNo} 
		]]>
	</select>
	
	<select id="contInfo" parameterType="int" resultType="com.bombom.model.InfoDTO">
		select * from bombom_movie_info where info_no = #{no}
	</select>
	
	<select id="getAvg" parameterType="int" resultType="Double">
		select avg(review_rate) from bombom_movie_review where info_no = #{no}
	</select>

	<insert id="addInfo" parameterType="com.bombom.model.InfoDTO">
		<selectKey resultType="int" keyProperty="info_no" order="BEFORE">
			select max(info_no) from bombom_movie_info
		</selectKey>
		insert into bombom_movie_info values (#{info_no} + 1, #{info_year}, #{info_runtime},
			#{info_thumbnail}, #{info_bgimg}, #{info_teaser}, #{info_title}, #{info_subtitle}, #{info_synopsis}, #{info_cast}, 0)
	</insert>
	
	<update id="modifyInfo" parameterType="com.bombom.model.InfoDTO">
		update bombom_movie_info set info_year = #{info_year}, 
			info_runtime = #{info_runtime}, info_thumbnail = #{info_thumbnail}, 
			info_bgimg = #{info_bgimg}, info_teaser = #{info_teaser},
			info_title = #{info_title}, info_subtitle = #{info_subtitle},
			info_synopsis = #{info_synopsis}, info_cast = #{info_cast} where info_no = #{info_no}
	</update>
	
	<insert id="addReview" parameterType="com.bombom.model.InfoReviewDTO">
		<selectKey resultType="int" keyProperty="review_no" order="BEFORE">
			select max(review_no) from bombom_movie_review
		</selectKey>
		insert into bombom_movie_review values (#{info_no}, #{user_id}, #{user_nickname},
			#{review_no} + 1, #{review_cont}, #{review_rate}, sysdate)
	</insert>
	
	<update id="addReviewCount" parameterType="int">
			update bombom_movie_info set info_reviews = info_reviews + 1 where info_no = #{no}
	</update>
	
	<select id="countReview" parameterType="int" resultType="int">
		select count(*) from bombom_movie_review where info_no = #{no}
	</select>
	
	<select id="listReview" parameterType="com.bombom.model.InfoPageDTO" 
			resultType="com.bombom.model.InfoReviewDTO">
		<![CDATA[
			select * from (select r.*, row_number() 
					over(order by review_no desc) rnum from bombom_movie_review r where info_no = #{info_no})
					where rnum >= #{startNo} and rnum <= #{endNo}
		]]> 
	</select>
	
	<delete id="dropInfo" parameterType="int">
		delete from bombom_movie_info where info_no = #{no}
	</delete>
	
	<delete id="dropReview" parameterType="int">
		delete from bombom_movie_review where info_no = #{no}
	</delete>
</mapper>