<?xml version="1.0" encoding="UTF-8"?>

<!DOCTYPE mapper
  PUBLIC "-//mybatis.org//DTD Mapper 3.0//EN"
  "http://mybatis.org/dtd/mybatis-3-mapper.dtd">

<mapper namespace="com.bombom.model.MemberDAO">
	<insert id="insertMember" parameterType="com.bombom.model.MemberDTO">
		insert into bombom_member values(#{user_id}, #{user_pwd}, #{user_nickname}, #{user_name}, #{user_age, jdbcType=NUMERIC}, 
			#{user_email}, #{user_gender, jdbcType=VARCHAR}, #{user_addr, jdbcType=VARCHAR}, #{user_phone}, 1, SYSDATE)
	</insert>
	
	<select id="memberLogin" parameterType="com.bombom.model.MemberDTO" resultType="com.bombom.model.MemberDTO">
		select * from bombom_member where user_id = #{user_id, jdbcType=VARCHAR} and user_pwd = #{user_pwd, jdbcType=VARCHAR}
	</select>
	
	<select id="checkId" parameterType="String" resultType="integer">
		select count(*) from bombom_member where user_id = #{user_id}
	</select>
	
	<select id="checkEmail" parameterType="String" resultType="integer">
		select count(*) from bombom_member where user_email = #{user_email}
	</select>
	
	<!-- 회원불러오기 (마이페이지 - 회원정보보기 기능에서 사용) -->
	<select id="contentMember" parameterType="String" resultType="com.bombom.model.MemberDTO">
		select * from bombom_member where user_id = #{user_id}
	</select>

	<update id="updateMember" parameterType="com.bombom.model.MemberDTO">
		update bombom_member set user_nickname = #{user_nickname}, user_age = #{user_age, jdbcType=NUMERIC}, 
			user_addr = #{user_addr, jdbcType=VARCHAR}, user_phone = #{user_phone} where user_id = #{user_id}
	</update>

</mapper>