<?xml version="1.0" encoding="UTF-8"?>

<!DOCTYPE mapper
  PUBLIC "-//mybatis.org//DTD Mapper 3.0//EN"
  "http://mybatis.org/dtd/mybatis-3-mapper.dtd">
  
<mapper namespace="com.bombom.model.TalkDAO">

	<select id="getPosts" resultType="com.bombom.model.TalkDTO">
		<![CDATA[
		   select 
		   (select count(*) from bombom_talk_comment where talk_no = a.talk_no) as cnt, 
		   a.* from (select rownum as rnum, b.* from (select * from bombom_talk order by talk_no desc) b ) a 
		   where a.rnum >= #{startIndex} and a.rnum <= #{endIndex}
		]]>
	</select>
	
	<select id="searchCount" parameterType="String" resultType="int">
		select count(*) from bombom_talk 
		where user_nickname like '%' || #{keyword} || '%' or talk_title like '%' || #{keyword} || '%' or talk_cont like '%' || #{Spring} || '%'
	</select>
	
	<select id="searchPosts" resultType="com.bombom.model.TalkDTO">
		<![CDATA[
		   select 
		   (select count(*) from bombom_talk_comment where talk_no = a.talk_no) as cnt, 
		   a.* from (select rownum as rnum, b.* 
		   from (select * from bombom_talk 
		   where user_nickname like '%' || #{keyword} || '%' 
		   or talk_title like '%' || #{keyword} || '%' 
		   or talk_cont like '%' || #{keyword} || '%' 
		   order by talk_no desc) b ) a 
		   where a.rnum >= #{startIndex} and a.rnum <= #{endIndex}
		]]>
	</select>
	
	<select id="getMainPosts" resultType="com.bombom.model.TalkDTO">
		<![CDATA[
		   select 
		   (select count(*) from bombom_talk_comment where talk_no = a.talk_no) as cnt, 
		   a.* from (select rownum as rnum, b.* from (select * from bombom_talk order by talk_like desc, talk_hit desc) b ) a 
		   where a.rnum between 1 and 8
		]]>
	</select>

	<select id="getPost" parameterType="long" resultType="com.bombom.model.TalkDTO">
		select * from bombom_talk where talk_no = #{talk_no}
	</select>
	
	<update id="increaseHit" parameterType="long">
		update bombom_talk set talk_hit = talk_hit + 1 where talk_no = #{talkNo}
	</update>

	<insert id="insertPost" parameterType="com.bombom.model.TalkDTO">
		<selectKey keyProperty="talk_no" resultType="long" order="BEFORE">
			select talk_seq.nextval from dual
		</selectKey>
		insert into bombom_talk values(#{talk_no}, #{user_id}, #{user_nickname}, #{talk_title}, #{talk_cont}, 0, 0, 0, SYSDATE, 0)
	</insert>
	
	<update id="updatePost" parameterType="com.bombom.model.TalkDTO">
		update bombom_talk set talk_title = #{talk_title}, talk_cont = #{talk_cont}	where talk_no = #{talk_no}
	</update>
	
	<delete id="deletePost" parameterType="long">
		delete from bombom_talk where talk_no = #{talk_no}
	</delete>
	
	<select id="postCount" resultType="int">
		select count(*) from bombom_talk
	</select>
	
	<update id="increaseLike" parameterType="com.bombom.model.TalkLikeDTO">
		update bombom_talk set talk_like = talk_like + 1 where talk_no = #{talkNo}
		<selectKey keyProperty="likeCount" resultType="int" order="AFTER">
			select talk_like from bombom_talk where talk_no = #{talkNo}
		</selectKey>
	</update>
	
	<update id="decreaseLike" parameterType="com.bombom.model.TalkLikeDTO">
		update bombom_talk set talk_like = talk_like - 1 where talk_no = #{talkNo}
		<selectKey keyProperty="likeCount" resultType="int" order="AFTER">
			select talk_like from bombom_talk where talk_no = #{talkNo}
		</selectKey>
	</update>
	
	<!-- 사용자가 작성한 글 목록(일부)보여주기 -->
	<select id="getUserPosts" parameterType="String" resultType="com.bombom.model.TalkDTO">
		<![CDATA[
		select * from 
		   (select b.*, row_number() over(order by talk_no desc) rnum from bombom_talk b where user_id = #{id} ) 
				where rnum between 1 and 5
		]]>
	</select>
	
	<!-- 사용자가 작성한 글 목록(전체)보여주기 -->
	<select id="getUserPostsAll" parameterType="String" resultType="com.bombom.model.TalkDTO">
		<![CDATA[
		select * from bombom_talk where user_id = #{id}
		]]>
	</select>
	
	<!-- 사용자가 댓글 단 게시글 목록 가져오기 -->
	<!-- <select id="getUserComment" parameterType="int" resultType="com.bombom.model.TalkDTO">
		<![CDATA[
		
		]]>
	</select> -->
	
	<!-- 사용자가 좋아요한 글(일부)보여주기 -->
	<select id="getUserLikes" parameterType="String" resultType="com.bombom.model.TalkDTO">
		<![CDATA[
		select *
		from bombom_talk t
		join bombom_talk_like l
		on l.talk_no = t.talk_no
		where l.user_id = #{id}
		order by t.talk_date desc
		]]>
	</select>
	
</mapper>